{
        "start":        {
                "connected":    [{
                                "socket":       4,
                                "local_host":   "192.168.88.233",
                                "local_port":   46934,
                                "remote_host":  "192.168.88.232",
                                "remote_port":  5201
                        }],
                "version":      "iperf 3.1.3",
                "system_info":  "Linux ac77a0e 4.4.103-yocto-standard #1 SMP Tue Jul 16 15:52:40 UTC 2019 armv7l",
                "timestamp":    {
                        "time": "Thu, 14 Oct 2021 08:05:29 GMT",
                        "timesecs":     1634198729
                },
                "connecting_to":        {
                        "host": "192.168.88.232",
                        "port": 5201
                },
                "cookie":       "ac77a0e.1634198729.221160.7ab60cd23e",
                "tcp_mss_default":      1448,
                "test_start":   {
                        "protocol":     "TCP",
                        "num_streams":  1,
                        "blksize":      131072,
                        "omit": 0,
                        "duration":     10,
                        "bytes":        0,
                        "blocks":       0,
                        "reverse":      0
                }
        },
        "intervals":    [{
                        "streams":      [{
                                        "socket":       4,
                                        "start":        0,
                                        "end":  1.000152,
                                        "seconds":      1.000152,
                                        "bytes":        116972336,
                                        "bits_per_second":      935636367.366498,
                                        "retransmits":  0,
                                        "snd_cwnd":     467704,
                                        "rtt":  2172,
                                        "omitted":      false
                                }],
                        "sum":  {
                                "start":        0,
                                "end":  1.000152,
                                "seconds":      1.000152,
                                "bytes":        116972336,
                                "bits_per_second":      935636367.366498,
                                "retransmits":  0,
                                "omitted":      false
                        }
                }, {
                        "streams":      [{
                                        "socket":       4,
                                        "start":        1.000152,
                                        "end":  2.000378,
                                        "seconds":      1.000226,
                                        "bytes":        117678960,
                                        "bits_per_second":      941218944.928867,
                                        "retransmits":  0,
                                        "snd_cwnd":     467704,
                                        "rtt":  2190,
                                        "omitted":      false
                                }],
                        "sum":  {
                                "start":        1.000152,
                                "end":  2.000378,
                                "seconds":      1.000226,
                                "bytes":        117678960,
                                "bits_per_second":      941218944.928867,
                                "retransmits":  0,
                                "omitted":      false
                        }
                }, {
                        "streams":      [{
                                        "socket":       4,
                                        "start":        2.000378,
                                        "end":  3.000602,
                                        "seconds":      1.000224,
                                        "bytes":        117744120,
                                        "bits_per_second":      941742127.438110,
                                        "retransmits":  0,
                                        "snd_cwnd":     467704,
                                        "rtt":  2206,
                                        "omitted":      false
                                }],
                        "sum":  {
                                "start":        2.000378,
                                "end":  3.000602,
                                "seconds":      1.000224,
                                "bytes":        117744120,
                                "bits_per_second":      941742127.438110,
                                "retransmits":  0,
                                "omitted":      false
                        }
                }, {
                        "streams":      [{
                                        "socket":       4,
                                        "start":        3.000602,
                                        "end":  4.000204,
                                        "seconds":      0.999602,
                                        "bytes":        117613800,
                                        "bits_per_second":      941284956.682754,
                                        "retransmits":  0,
                                        "snd_cwnd":     467704,
                                        "rtt":  2207,
                                        "omitted":      false
                                }],
                        "sum":  {
                                "start":        3.000602,
                                "end":  4.000204,
                                "seconds":      0.999602,
                                "bytes":        117613800,
                                "bits_per_second":      941284956.682754,
                                "retransmits":  0,
                                "omitted":      false
                        }
                }, {
                        "streams":      [{
                                        "socket":       4,
                                        "start":        4.000204,
                                        "end":  5.000481,
                                        "seconds":      1.000277,
                                        "bytes":        117744120,
                                        "bits_per_second":      941692071.378922,
                                        "retransmits":  0,
                                        "snd_cwnd":     492320,
                                        "rtt":  2214,
                                        "omitted":      false
                                }],
                        "sum":  {
                                "start":        4.000204,
                                "end":  5.000481,
                                "seconds":      1.000277,
                                "bytes":        117744120,
                                "bits_per_second":      941692071.378922,
                                "retransmits":  0,
                                "omitted":      false
                        }
                }, {
                        "streams":      [{
                                        "socket":       4,
                                        "start":        5.000481,
                                        "end":  6.000361,
                                        "seconds":      0.999880,
                                        "bytes":        117678960,
                                        "bits_per_second":      941544594.307341,
                                        "retransmits":  0,
                                        "snd_cwnd":     492320,